file,mean_patch,std_patch,mean_full,std_full
dark_1.dng,527.904296875,3.526700496673584,527.7321166992188,3.4707281589508057
dark_2.dng,527.82373046875,3.5138792991638184,527.6856079101562,3.5158042907714844
dark_3.dng,527.766845703125,3.4665088653564453,527.6787719726562,3.516021490097046
light_1.dng,3567.0,0.0,3370.8837890625,518.1676025390625
light_2.dng,3567.0,0.0,3395.05322265625,492.635009765625
light_3.dng,3567.0,0.0,3151.661376953125,790.919189453125
